{
  "vertex": 60,
  "face": 20,
  "vertices": [
    "0",
    "0.52573102712631224",
    "0.85065102577209472",
    "0.85065102577209472",
    "0",
    "0.52573102712631224",
    "0.52573102712631224",
    "0.85065102577209472",
    "0",
    "0",
    "-0.52573102712631224",
    "0.85065102577209472",
    "0.52573102712631224",
    "-0.85065102577209472",
    "0",
    "0",
    "-0.52573102712631224",
    "-0.85065102577209472",
    "-0.85065102577209472",
    "0",
    "-0.52573102712631224",
    "0",
    "0.52573102712631224",
    "-0.85065102577209472",
    "-0.52573102712631224",
    "0.85065102577209472",
    "0",
    "0.85065102577209472",
    "0",
    "-0.52573102712631224",
    "-0.85065102577209472",
    "0",
    "0.52573102712631224",
    "-0.52573102712631224",
    "-0.85065102577209472",
    "0",
    "0.85065102577209472",
    "0",
    "0.52573102712631224",
    "0",
    "0.52573102712631224",
    "0.85065102577209472",
    "0",
    "-0.52573102712631224",
    "0.85065102577209472",
    "0.85065102577209472",
    "0",
    "0.52573102712631224",
    "0",
    "0.52573102712631224",
    "0.85065102577209472",
    "0.52573102712631224",
    "0.85065102577209472",
    "0",
    "-0.52573102712631224",
    "0.85065102577209472",
    "0",
    "0.52573102712631224",
    "0.85065102577209472",
    "0",
    "0",
    "0.52573102712631224",
    "-0.85065102577209472",
    "-0.52573102712631224",
    "0.85065102577209472",
    "0",
    "0",
    "0.52573102712631224",
    "-0.85065102577209472",
    "-0.85065102577209472",
    "0",
    "-0.52573102712631224",
    "0.85065102577209472",
    "0",
    "0.52573102712631224",
    "0.52573102712631224",
    "-0.85065102577209472",
    "0",
    "0.85065102577209472",
    "0",
    "-0.52573102712631224",
    "0",
    "-0.52573102712631224",
    "-0.85065102577209472",
    "0",
    "0.52573102712631224",
    "-0.85065102577209472",
    "0.85065102577209472",
    "0",
    "-0.52573102712631224",
    "0.52573102712631224",
    "0.85065102577209472",
    "0",
    "0.85065102577209472",
    "0",
    "0.52573102712631224",
    "0.85065102577209472",
    "0",
    "-0.52573102712631224",
    "0",
    "0.52573102712631224",
    "-0.85065102577209472",
    "0.52573102712631224",
    "0.85065102577209472",
    "0",
    "0.85065102577209472",
    "0",
    "-0.52573102712631224",
    "0.52573102712631224",
    "-0.85065102577209472",
    "0",
    "0",
    "-0.52573102712631224",
    "-0.85065102577209472",
    "0",
    "-0.52573102712631224",
    "0.85065102577209472",
    "0",
    "0.52573102712631224",
    "0.85065102577209472",
    "-0.85065102577209472",
    "0",
    "0.52573102712631224",
    "0",
    "0.52573102712631224",
    "0.85065102577209472",
    "-0.52573102712631224",
    "0.85065102577209472",
    "0",
    "-0.85065102577209472",
    "0",
    "0.52573102712631224",
    "-0.52573102712631224",
    "0.85065102577209472",
    "0",
    "-0.85065102577209472",
    "0",
    "-0.52573102712631224",
    "0.52573102712631224",
    "-0.85065102577209472",
    "0",
    "0",
    "-0.52573102712631224",
    "0.85065102577209472",
    "-0.52573102712631224",
    "-0.85065102577209472",
    "0",
    "0",
    "-0.52573102712631224",
    "0.85065102577209472",
    "-0.85065102577209472",
    "0",
    "0.52573102712631224",
    "-0.52573102712631224",
    "-0.85065102577209472",
    "0",
    "-0.85065102577209472",
    "0",
    "-0.52573102712631224",
    "0",
    "-0.52573102712631224",
    "-0.85065102577209472",
    "-0.52573102712631224",
    "-0.85065102577209472",
    "0",
    "0",
    "-0.52573102712631224",
    "-0.85065102577209472",
    "0.52573102712631224",
    "-0.85065102577209472",
    "0",
    "-0.52573102712631224",
    "-0.85065102577209472",
    "0",
    "-0.85065102577209472",
    "0",
    "0.52573102712631224",
    "-0.85065102577209472",
    "0",
    "-0.52573102712631224"
  ],
  "normals": [
    "0.57735025882720944",
    "0.57735025882720944",
    "0.57735025882720944",
    "0.57735025882720944",
    "0.57735025882720944",
    "0.57735025882720944",
    "0.57735025882720944",
    "0.57735025882720944",
    "0.57735025882720944",
    "0.35682228207588196",
    "0",
    "0.93417227268218992",
    "0.57735025882720944",
    "-0.57735025882720944",
    "0.57735025882720944",
    "-0.35682228207588196",
    "0",
    "-0.93417227268218992",
    "-0.35682228207588196",
    "0",
    "-0.93417227268218992",
    "-0.35682228207588196",
    "0",
    "-0.93417227268218992",
    "0",
    "0.93417227268218992",
    "0.35682228207588196",
    "0.93417227268218992",
    "-0.35682228207588196",
    "0",
    "-0.35682228207588196",
    "0",
    "0.93417227268218992",
    "0",
    "-0.93417227268218992",
    "0.35682228207588196",
    "0.35682228207588196",
    "0",
    "0.93417227268218992",
    "0.35682228207588196",
    "0",
    "0.93417227268218992",
    "0.57735025882720944",
    "-0.57735025882720944",
    "0.57735025882720944",
    "0.57735025882720944",
    "-0.57735025882720944",
    "0.57735025882720944",
    "0",
    "0.93417227268218992",
    "0.35682228207588196",
    "0",
    "0.93417227268218992",
    "0.35682228207588196",
    "0",
    "0.93417227268218992",
    "-0.35682228207588196",
    "0",
    "0.93417227268218992",
    "-0.35682228207588196",
    "0",
    "0.93417227268218992",
    "-0.35682228207588196",
    "-0.57735025882720944",
    "0.57735025882720944",
    "-0.57735025882720944",
    "-0.57735025882720944",
    "0.57735025882720944",
    "-0.57735025882720944",
    "-0.57735025882720944",
    "0.57735025882720944",
    "-0.57735025882720944",
    "0.93417227268218992",
    "-0.35682228207588196",
    "0",
    "0.93417227268218992",
    "-0.35682228207588196",
    "0",
    "0.35682228207588196",
    "0",
    "-0.93417227268218992",
    "0.35682228207588196",
    "0",
    "-0.93417227268218992",
    "0.35682228207588196",
    "0",
    "-0.93417227268218992",
    "0.93417227268218992",
    "0.35682228207588196",
    "0",
    "0.93417227268218992",
    "0.35682228207588196",
    "0",
    "0.93417227268218992",
    "0.35682228207588196",
    "0",
    "0.57735025882720944",
    "0.57735025882720944",
    "-0.57735025882720944",
    "0.57735025882720944",
    "0.57735025882720944",
    "-0.57735025882720944",
    "0.57735025882720944",
    "0.57735025882720944",
    "-0.57735025882720944",
    "0.57735025882720944",
    "-0.57735025882720944",
    "-0.57735025882720944",
    "0.57735025882720944",
    "-0.57735025882720944",
    "-0.57735025882720944",
    "0.57735025882720944",
    "-0.57735025882720944",
    "-0.57735025882720944",
    "-0.35682228207588196",
    "0",
    "0.93417227268218992",
    "-0.35682228207588196",
    "0",
    "0.93417227268218992",
    "-0.57735025882720944",
    "0.57735025882720944",
    "0.57735025882720944",
    "-0.57735025882720944",
    "0.57735025882720944",
    "0.57735025882720944",
    "-0.57735025882720944",
    "0.57735025882720944",
    "0.57735025882720944",
    "-0.93417227268218992",
    "0.35682228207588196",
    "0",
    "-0.93417227268218992",
    "0.35682228207588196",
    "0",
    "-0.93417227268218992",
    "0.35682228207588196",
    "0",
    "0",
    "-0.93417227268218992",
    "0.35682228207588196",
    "0",
    "-0.93417227268218992",
    "0.35682228207588196",
    "-0.57735025882720944",
    "-0.57735025882720944",
    "0.57735025882720944",
    "-0.57735025882720944",
    "-0.57735025882720944",
    "0.57735025882720944",
    "-0.57735025882720944",
    "-0.57735025882720944",
    "0.57735025882720944",
    "-0.57735025882720944",
    "-0.57735025882720944",
    "-0.57735025882720944",
    "-0.57735025882720944",
    "-0.57735025882720944",
    "-0.57735025882720944",
    "-0.57735025882720944",
    "-0.57735025882720944",
    "-0.57735025882720944",
    "0",
    "-0.93417227268218992",
    "-0.35682228207588196",
    "0",
    "-0.93417227268218992",
    "-0.35682228207588196",
    "0",
    "-0.93417227268218992",
    "-0.35682228207588196",
